,url,content
0,https://www.t3.com/reviews/secretlab-titan-evo-lite-review,"Why you can trust T3




Our expert reviewers spend hours testing and comparing products and services so you can choose the best for you. Find out more about how we test.

The Secretlab Titan Evo Lite is a brand-new chair from one of the biggest names in gaming chairs. It is designed to offer ‚Äú95% of the premium experience‚Äù of the Secretlab Titan Evo for ‚Äú20% cheaper‚Äù. It‚Äôs a simple concept, but does it work? [...] The Secretlab Titan Evo Lite was officially released on 24 January 2024. The chair is available in five versions, including two leatherette and three SoftWeave colours and is priced from ¬£389 / $449 directly from the Secretlab website. The chair also comes in an XL version for ¬£459 /$499. [...] As T3's Editor-in-Chief, Mat Gallagher has his finger on the pulse for the latest advances in technology. He has written about technology since 2003 and after stints in Beijing, Hong Kong and Chicago is now based in the UK. He‚Äôs a true lover of gadgets, but especially anything that involves cameras, Apple, electric cars, musical instruments or travel.

And it could offer some impressive specs too

By  Britta O'Boyle 

Published 8 April 25"
1,https://www.gamespot.com/articles/secretlabs-new-gaming-chair-is-more-budget-friendly-still-high-quality/1100-6520551/,"Overall, Secretlab's Titan Evo Lite is a fantastic gaming chair at its price point. Though the original Titan Evo has a bit more versatility, the Lite offers many of the most impactful features while maintaining a premium build. I'd recommend reading GameSpot's full Secretlab Titan Evo review before buying either of them, as it goes in-depth on what makes the Titan Evo (and now Evo Lite) a great choice if you're willing to drop this kind of cash on a chair. If you're at your desk for much of [...] Despite releasing back in Summer 2021, Secretlab's Titan Evo remains one of the best gaming chairs today. The Titan Evo offers excellent ergonomics and versatility in a premium package that's built to last. But if the $549 starting price is a bit too steep for your budget, there's now an alternative option. Secretlab's brand-new Titan Evo Lite retains the vast majority of features found on the original while shaving almost 20% off the price.

Secretlab Titan Evo Lite

$449 [...] Both Titan Evo models I've tested were wrapped in Secretlab's black SoftWeave fabric. Technically, though very similar, the materials on the two aren't identical. The Lite uses standard SoftWeave, while the original has SoftWeave Plus. The latter employs finer stitching, allowing for more detailed patterns. In the case of the black models I tested, the stitched pattern of the Lite has a streakier look versus the speckled design of the original. Overall, this discrepancy is minor from visual and"
2,https://gamerant.com/secretlab-titan-evo-lite-chair-review/,"Right out of the package and after a quick and painless building process, the TITAN Evo Lite looks almost exactly like the TITAN Evo, so much so that it even comes in some of the OG Evo‚Äôs most popular colors. As Secretlab explains, the chair features 95% of the TITAN Evo‚Äôs features, only at 20% less cost to gamers. And in our testing, the TITAN Evo Lite doesn‚Äôt feel like a downgrade at all. It is still an exceptional gaming chair that offers the comfort and customization that Secretlab is known [...] As we‚Äôve said in any Secretlab review, a gaming chair is an investment that pays off in the lack of back pain and the ability to game for longer. The TITAN Evo is easily one of our favorite gaming chairs and now the TITAN Evo Lite slots right alongside it, at a lower price point and with some slight differences in design. Lite might suggest something less-than, but this is a superb chair that anyone would be happy to have as part of their gaming setup or office space. [...] Secretlab TITAN Evo Lite Gaming Chair

Designed for exceptional comfort over long hours of sitting, the Secretlab TITAN Evo Lite combines the
most essential features of the TITAN Evo with serious value. It brings the pro-grade performance that Secretlab is known for at a more accessible price.

The Secretlab TITAN Evo Lite is available at Secretlab's official site for $449. Game Rant was provided a unit for this review.

Atari Reveals New Console"
3,https://www.homeanddecor.com.sg/shopping/secretlab-titan-evo-lite-review-price,"Secretlab Titan Evo Lite Review (Price): Good back support

2 May 2024

Share this article

Secretlab demonstrates a strong commitment to quality and user comfort in its product launches, particularly evident in their flagship product, the Secretlab Titan Evo 2022 gaming chair. Having been launched nearly three years ago, the Titan Evo continues to be my preferred choice in conventional gaming chairs. Its enduring appeal lies in its outstanding ergonomic design and the overall comfort it offers. [...] If you have been holding out on the Titan Evo because of the pricing, then the Titan Evo Lite is a well-considered balance between affordability and the essential qualities of a premium gaming chair. A lite gaming chair it may be, but the Titan Evo Lite is no 'entry-level' gaming chair. In short, it's the Secretlab gaming chair upgrade you have been waiting for.

The Secretlab Titan Evo Lite is available for order at¬†Secretlab's e-store.

Back to top [...] Recognising the impact of the price increase on their customer base, Secretlab has taken a responsive step to cater to a wider market segment by launching a new addition to their gaming chair lineup: the Secretlab¬†Titan Evo Lite. Starting from¬†$519, Secretlab says this new variant is ‚Äúdesigned to offer a more accessible price point, without compromising the quality and comfort‚Äù that the Titan Evo chairs are known for.

The chair is available in:"
4,https://www.pcmag.com/reviews/secretlab-titan-evo-lite,"The lack of cushions is a bit disappointing considering the Titan EVO Lite isn‚Äôt exactly a budget-priced gaming chair. That said, the chair is comfortable without accouterments. I spent plenty of time sitting in it without pillows, and found it pleasant and supportive. The fixed lumbar arch is present, but not so prominent that it uncomfortably dug into my lower back at an awkward angle. The headrest is wide and tall, so I could lean back and feel supported in a variety of positions. [...] Even when it cuts corners, Secretlab makes a gaming chair that‚Äôs a step above what the competition offers. The Titan EVO Lite is still relatively pricey, but it‚Äôs $100 less than the Titan EVO and retains its most appealing aspects. Although it lacks adjustable lumbar support and doesn't use Secretlab‚Äôs newest and most resilient materials, the Titan Evo Lite is incredibly comfortable and sturdy. It‚Äôs a very good chair, though not quite as excellent as the Titan EVO. For the price, the Cooler [...] Speaking of faux leather, the Titan EVO Lite uses Secretlab‚Äôs Prime 2.0 PU leather. Again, that‚Äôs the same as pre-EVO Titan chairs, and we know from our review of the Titan XL that it feels thick, supple, and sturdy. The Titan EVO uses the company‚Äôs NEO hybrid leatherette, which Secretlab says is 12 times more durable. Both materials are higher quality than the faux leather on most other gaming chairs we‚Äôve tested, and it would be hard to tell much of a difference between them without having"
5,https://uk.pcmag.com/game-controllers-accessories/151143/secretlab-titan-evo-lite,"The lack of cushions is a bit disappointing considering the Titan EVO Lite isn‚Äôt exactly a budget-priced gaming chair. That said, the chair is comfortable without accouterments. I spent plenty of time sitting in it without pillows, and found it pleasant and supportive. The fixed lumbar arch is present, but not so prominent that it uncomfortably dug into my lower back at an awkward angle. The headrest is wide and tall, so I could lean back and feel supported in a variety of positions. [...] Even when it cuts corners, Secretlab makes a gaming chair that‚Äôs a step above what the competition offers. The Titan EVO Lite is still relatively pricey, but it‚Äôs $100 less than the Titan EVO and retains its most appealing aspects. Although it lacks adjustable lumbar support and doesn't use Secretlab‚Äôs newest and most resilient materials, the Titan Evo Lite is incredibly comfortable and sturdy. It‚Äôs a very good chair, though not quite as excellent as the Titan EVO. For the price, the Cooler [...] Speaking of faux leather, the Titan EVO Lite uses Secretlab‚Äôs Prime 2.0 PU leather. Again, that‚Äôs the same as pre-EVO Titan chairs, and we know from our review of the Titan XL that it feels thick, supple, and sturdy. The Titan EVO uses the company‚Äôs NEO hybrid leatherette, which Secretlab says is 12 times more durable. Both materials are higher quality than the faux leather on most other gaming chairs we‚Äôve tested, and it would be hard to tell much of a difference between them without having"
6,https://www.hardwarezone.com.sg/review-secretlab-titan-evo-lite-review-premium-gaming-chair-thats-friendlier-wallet,"Secretlab demonstrates a strong commitment to quality and user comfort in its product launches, particularly evident in their flagship product, the Titan Evo 2022 gaming chair (read our review here). Having been launched nearly three years ago, the Titan Evo continues to be my preferred choice in conventional gaming chairs. Its enduring appeal lies in its outstanding ergonomic design and the overall comfort it offers. [...] Note: The Secretlab Titan Evo Lite is available for order at Secretlab's e-store. The chair is available in Prime 2.0 Leatherette in Stealth (reviewed here) and Black, and in Softweave in Cookies & Cream, Charcoal Blue and Black. They are also available in Regular and XL sizes.

Have feedback on the article for the editorial team? You can reach out to them here.

Trending Topics

Our Sections



AWARDS & ACCOLADES [...] Recognising the impact of the price increase on their customer base, Secretlab has taken a responsive step to cater to a wider market segment by launching a new addition to their gaming chair lineup: the Titan Evo Lite. Starting from S$519, Secretlab says this new variant is ‚Äúdesigned to offer a more accessible price point, without compromising the quality and comfort‚Äù that the Titan Evo chairs are known for.



The Titan Evo goes lite"
7,https://www.youtube.com/watch?v=8EOIlOk7BC0,See Today's Price on Amazon: ‚û°Ô∏è https://geni.us/titanevo Product review: The Secretlab Titan Evo Lite in Charcoal Blue SoftWeave is a premium
8,https://www.youtube.com/watch?v=xEjs2lI5w18&pp=0gcJCdgAo7VqN5tD,"Secretlab Titan Evo Lite BRUTALLY HONEST Review 
 Full Transparency 
 377 likes 
 30307 views 
 2 Feb 2024 
 Support the channel and BUY IT HERE: https://bit.ly/2XpMb5q

Today I'm reviewing the new Secretlab Titan Evo Lite softweave gaming chair which to my surprise may be the softest Secretlab gaming chair yet. Be sure to watch to the end to see the follow up. [...] The BEST GAMING CHAIR PERIOD: https://bit.ly/2XpMb5q
My Alienware AW3821DW Monitor: https://amzn.to/3U32cti
My Monitor Lightbar: https://amzn.to/47K4Nvs

All links are through reputable dealers with great customer service and return policies. I do earn a small percentage when you use my links which help to support my channel. THANK YOU.

For media inquiries and partnerships contact me @ jacobdarkofficial@gmail.com

#secretlab #titanevolite #gamingchair 
 51 comments [...] The MOST IMPORTANT Part of My Home Studio: https://www.gikacoustics.com/ref/61/
My HIGH QUALITY Audio Interface: https://sweetwater.sjv.io/5gzk1j
The BEST BUDGET Audio Interface: https://sweetwater.sjv.io/BXD5k4
My REAL NEVE Preamp: https://sweetwater.sjv.io/JzbXAN
The BEST Microphone for YouTube: https://sweetwater.sjv.io/OR6YEG
My FAVORITE Vocal Mic: https://sweetwater.sjv.io/6eXrj3
My Favorite Microphone Boom Arm: https://sweetwater.sjv.io/Ry40Dy"
9,https://www.ign.com/articles/best-gaming-chair-deals-2024-secretlab-titan-evo-lite-2,"For 2024, Secretlab has recently released a new budget version of its most popular gaming chair. The new Secretlab Titan Evo Lite carries over most of the features and nearly all of the ergonomics of the Titan Evo at a lower price point. In fact, at its current price, it's less expensive than the older Titan 2020. Check out our Secretlab Titan Evo Lite review for more details.

Secretlab Titan Evo Lite Gaming Chair Starting at $449



Secretlab Titan Evo Lite Gaming Chair [...] It's no secret that we love our Secretlab gaming chairs. We've consistently rated them as the best high-end gaming chair on the market, as well as the best gaming chair for ""big and tall"" gamers. Of all the gaming chairs we covered in our ""Budget to Best"" roundup video earlier this year, Akeem considered the Secretlab Titan Evo to be the most comfortable. No good chair comes cheap, and Secretlab chairs definitely cost a premium, but we think the craftsmanship, materials, customer service, and [...] Right now the Secretlab Titan Evo Lite is priced at $449. The Titan Evo currently starts at $549. That's a hefty $100 in savings. At its core, the Secretlab Titan Evo Lite is very similar to the Titan Evo and the tradeoffs involve customization and adjustability options that (mostly) don't impact the ergonomics and comfort of the chair itself. Here's a breakdown of the similarities and differences between the two.

Titan Evo Lite: What's similar to the Titan Evo"
10,https://transparencia.recife.pe.gov.br/mynewsnow_bm_transparencia.php?id=betwinlab%20reviews,Excellent. Secretlab's back-to-basics gaming chair is a bit cheaper but still feels great. TIP: UNDER 2.5 GOALS ODD: 1.60. By Will Greenwald
11,https://soxy.com/blogs/secretlab-review/?srsltid=AfmBOoo6XaOd3VVsXCtvqBk4RmxB0juR4J2T7LCPf-lG9J383wvfu7Xv,"The Secretlab TITAN Evo Lite is a lighter version of its predecessor, maintaining the ergonomic excellence of the TITAN series but with a more"
12,https://2fproperties.com/?g=940612170656,Secretlab Titan Evo 2022 Review A Good Gaming Chair WIRED. Secretlab PlushCell Memory Foam Armrest Review CGMagazine. Secretlab Titan EVO Lite Review PCMag.
13,https://chairsfx.com/gaming-chair-reviews/secretlab-titan/,"Perfect neutral postures in a $560 Secretlab Titan and $1900 Herman Miller Embody.
Final Verdict: For users with good posture habits, the Titan Evo offers similar support to high-end office chairs with added versatility and at a much lower price point. The substantial price difference makes the Titan a compelling option for those seeking value and comparable ergonomic benefits.
Gaming Chair Vs Office Chair Battle: Aeron Vs Titan Evo
Verdict: Versatile, User-Defined Comfort [...] Popular This Week
Herman Miller Aeron Posturefit vs Lumbar Support Pad (best)
Best Ergonomic Office Chairs $800-$2300: Are They Worth it?
TechLead‚Äôs 5 Best Ergonomic Office Chairs For Programmers

Related Posts

Gaming Chair Reviews
Elite Gaming Chair Showdown: Anda Seat Kaiser 4 Vs Secretlab Titan Evo

Computing Chair Advice
Is the Secretlab Titan Evo Chair & Magnus Pro Desk Combo Worth It?

Gaming Chair News
New Secretlab Titan Evo Lite Chair: Streamlined Features, 20% Cheaper [...] L-R: Titan 2022 House Targaryen, Jinx, and Minecraft editions.
Bottom line: the Titan Evo offers exceptional ergonomic support, dynamic comfort, and affordability, making it a true work-from-home champion.
Titan Evo chairs on Amazon: Leatherette $639.00 | Softweave Fabric $659.00
Titan Evo (M) from Secretlab $549-$664
Also available in small ($549-$674) and XL sizes ($599-$694) in the Secretlab Store."
14,https://www.hardwarezone.com.sg/review-secretlab-skins-lite-titan-evo,"Overall, Secretlab's Skins Lite offers an attractive and more affordable way for Titan Evo owners to customise their chairs without compromising on style or comfort. The new material is softer, more breathable, and easier to fit, solving some of the key issues I had with the premium Skins. The new fasteners are a welcome improvement, ensuring a more secure fit, and the thinner, printed material gives Secretlab the freedom to explore more intricate and vivid designs, which really shine in [...] In my¬†review, I touted the Skins as the best Secretlab accessory for all Titan Evo owners. It‚Äôs extremely easy to install, and the past couple of years have seen some truly wonderful designs woven out of Secretlab‚Äôs Softweave fabric (the Cyberpunk 2077 Edgerunners series remains one of the best-looking, in my opinion). [...] Secretlab‚Äôs Skins accessory range was a true game-changer when it launched in 2022 for its Titan Evo chairs. Arguably the world‚Äôs first premium slip-on chair sleeves, it not only helps owners protect their Secretlab chair but also allows them to refresh the look of their existing chair ‚Äì without having to commit to just one design."
15,https://www.dutchiee.tv/news/secretlab-titan-evo-lite-review/,"The Secretlab Titan EVO Lite is the epitome of balanced gamers' chairs; the design is pleasing to the eye, and the product more than pulls its"
16,https://www.tomsguide.com/gaming/gaming-peripherals/secretlab-titan-evo-2022-review,"Secretlab Titan Evo review

The Secretlab Titan Evo is still the best gaming chair for the price

When you purchase through links on our site, we may earn an affiliate commission. Here‚Äôs how it works.

Tom's Guide Verdict

The Secretlab Titan Evo is one of the best gaming chairs available. Not only is it well-built and exceedingly comfortable, but it also comes in multiple sizes and materials that accommodate all buyers equally.

Pros

Feature-packed

Very comfortable

Superb build quality [...] The Secretlab Titan Evo series is one of the best options in the upper range of gaming chairs, sporting fantastic build quality and comfort at a price that might shock your wallet. If you're willing to spend good money for a high-end product though, this is probably the best bang for your buck.

Our Secretlab Titan Evo review will help you decide if this is the best gaming chair for you, especially if you‚Äôre after a premium gaming chair that‚Äôs built to last. [...] The Secretlab Titan Evo is one of the best gaming chairs you can purchase today, and that's reflected in its high asking price. But if you've got the budget for it, you can't really go wrong with its wonderfully comfortable seat, tons of premium features, and plenty of size and color options to choose from."
17,https://secretlab.co/products/titan-evo-2022-series/?rfsn=4794308.11c421&utm_source=refersion&utm_medium=affiliate&utm_campaign=4794308.11c421&sku=M07-E24PU-CLASS1R&subid=243512957,"Meet the Secretlab TITAN Evo gaming chair. Personalized ergonomics and world-leading comfort, all in one gaming chair."
18,https://www.fakespot.com/product/secretlab-titan-evo-lite-in-black-prime-2-0-leatherette-gaming-chair-reclining-ergonomic-heavy-duty-computer-chair-with-4d-armrests-lumbar-support-black,"Menu

Secretlab Titan Evo Lite in Black Prime 2.0 Leatherette Gaming Chair - Reclining - Ergonomic & Heavy Duty Computer Chair with 4D Armrests & Lumbar Support - Black

Secretlab Titan Evo Lite in Black Prime 2.0...

Analyzed on

42Total Reviews

Computer Gaming Chairs

B

46¬† Total Products

Analyzed onAmazon

Sold by¬† Secretlab

A

A

Fakespot review grade

A

A

Ask Fakespot Chat questions about this productAlpha

Initializing Fakespot Chat

System error,

Add detailed feedback

Message [...] The assembly was easy the comfort is unmatched

Posted by a reviewer on Amazon

I expected better but idk why i did since its just a chair but its very good

Posted by a reviewer on Amazon

For years i have been plagued by inferior gaming office chairs

Posted by a reviewer on Amazon

During that time i weighed in at 300 320 lbs

Review Count History

Price History

Ask Fakespot Chat questions about this productAlpha

Initializing Fakespot Chat

System error,

Add detailed feedback

Message [...] Loading suggested questions

Suggested Questions

Suggested Questions

No suggested questions were found

Highlights

Quality

The chair is very sturdy and well built.

The chair is very sturdy and well built.¬† Read Less

Everything is adjustable to your liking, it‚Äôs firm yet soft, it was designed by a professional so the high quality materials it...¬† Read More"
19,https://mediaberry.co.uk/secretlab-titan-evo-2024-review/,The Secretlab Titan Evo is a favourite choice of gamers for a reason. This is an effortlessly excellent gaming chair that offers quality across the board.
20,https://thebarberhouse.no/?t=459661912,Secretlab Titan Evo Gaming Chair Review Consumer Rating ¬∑ SecretLab Titan Evo 2022 review A high quality gaming chair ¬∑ Secretlab TITAN Evo Lite Gaming Chair
21,https://geekculture.co/geek-review-secretlab-titan-evo-lite-gaming-chair/,"The Secretlab Titan Evo Lite packs the same comfort and presence, but at a more affordable price for those looking to pick up an ergonomic"
22,https://www.tomshardware.com/reviews/secretlab-titan-evo-2022-review-superior-gaming-chair,"While a softer seat may offer more comfortable give, the Titan Evo stands out in gaming chair comfort. TODAY'S BEST DEALS. $549 at Secretlab."
23,https://www.ign.com/articles/secretlab-spring-day-sale-2025-best-deals-on-titan-gaming-chairs,"Among the Titan chairs, the Evo Lite is definitely the best value with its starting price tag of $419, or a full $100 less than the base model"
24,https://www.reddit.com/r/secretlab/comments/1b8q2zx/secret_lab_titan_evo_review/,"r/secretlab
A subreddit for all things Secretlab ‚Äî we engineer award-winning performance gaming chairs for work and play. Show off your awesome setups, discuss the Secretlab TITAN Evo or Secretlab Classics and Secretlab MAGNUS, or catch up with fellow Secretlab (or soon-to-be!) owners.

25K Members 44 Online
### FAQ: Secretlab TITAN Evo Lite
5 upvotes ¬∑ 10 comments



 r/secretlab ‚Ä¢ 3 mo. ago [...] The Titan Evo Secret Lab chair is not uncomfortable. it is certainly not the worst chair you can sit on. yet, it is also nowhere near as comfortable or well-designed as the company suggests. It begs the question of how many of the reviews online are accurate. [...] 25K Members 44 Online
### Got my new #SecretLab chair! And boy does it suck
49 upvotes ¬∑ 57 comments



 r/secretlab ‚Ä¢ 1 yr. ago

r/secretlab
A subreddit for all things Secretlab ‚Äî we engineer award-winning performance gaming chairs for work and play. Show off your awesome setups, discuss the Secretlab TITAN Evo or Secretlab Classics and Secretlab MAGNUS, or catch up with fellow Secretlab (or soon-to-be!) owners."
25,https://www.youtube.com/watch?v=lFykZu6_zT4&pp=0gcJCfcAhR29_xXO,... Secretlab Titan Evo Lite BRUTALLY HONEST Review https://www.youtube.com/watch?v=xEjs2lI5w18&t=24s SECRETLAB TITAN EVO LITE VS TITAN EVO |
26,https://www.techoriz.com/?p=1055309370653,"Secretlab retailer Titan EVO Lite Review PCMag, Secretlab Titan EVO Lite Review PCMag retailer. ... Secretlab Titan EVO Gaming and Office Chair Office Chairs."
27,https://www.tomshardware.com/reviews/secretlab-titan-softweave-gaming-chair-review,"The base isn‚Äôt as heavy as that of the Anda Seat Spider-Man gaming chair, so attaching the wheels was simple.The levers were already attached to the seat too. All I had to do was slide on the handles.

Bottom Line

The Secretlab Titan has a minimalist feel, from its assembly to its final look. The Titan is not a flashy gaming chair. It‚Äôs a subtle, yet pricey-looking design that can fit in any setting, from the office to the¬† gaming space. It‚Äôs also available in NAPA and PU leather. [...] If you want a chair with a lot of available adjustments that feel firm and reliable and a look that‚Äôs a bit more elevated and matches its price tag, the Secretlab Titan is a good choice.

Junae Benne is a freelance writer for Tom's Hardware US. She reviews gaming peripherals and covers streaming tutorials.

WinRAR security flaw ignores Windows Mark of the Web security warnings

Nvidia engineer breaks and then quickly fixes AMD GPU performance in Linux [...] Secretlab Titan SoftWeave Gaming Chair Review: a Minimalist Dream

Simple design, personal adjustments

When you purchase through links on our site, we may earn an affiliate commission. Here‚Äôs how it works.

Tom's Hardware Verdict

The Secretlab Titan is a minimalist chair with many customizable adjustments. Unlike many gaming chairs, there‚Äôs no lumbar pillow. But it‚Äôs still a good throne for taller people.

Pros

+ Very sturdy

+ Easy to assemble

+ Firm and comfortable"
28,https://www.wired.com/review/secretlab-titan-evo-2022/,"Review: Secretlab Titan Evo 2022 Series ¬∑ Gaming chairs don't help you play games any better, as manufacturers would have you believe. ¬∑ The idea"
29,https://secretlab.co/pages/reviews,"Reviews & Awards

Over 10,000 5-star ratings and multiple editors' choice awards can't be wrong ‚Äî find out what makes Secretlab chairs great with reviews from the press and real users.

TechRadar

TweakTown

Gameranx

Geek Culture

Awards

Reviews

Secretlab TITAN Evo

Gaming Chairs

Secretlab MAGNUS Pro

Sit-to-Stand Metal Desk with Magnetic Ecosystem

Secretlab MAGNUS Metal Desk

with Magnetic Ecosystem

Secretlab Classics Gaming Chair

OMEGA 2020

TITAN 2020

TITAN XL 2020

Featured

Featured"
30,https://www.gearpatrol.com/home/a40278605/secretlab-titan-evo-2022-chair-review/,"As a gaming chair, the Titan Evo 2022  is made for spending hour after hour in, and it‚Äôs certainly comfortable enough to let you do so with ease. The cushions are supportive and firm, but with just enough give to cosset your back and bottom. There‚Äôs also ample opportunities to adjust everything from height to backrest angle to lumbar support to how high your elbows sit when you‚Äôre sitting. [...] It looks cool (for a chair)

Not in the way that, say, a Herman Miller or Steelcase office chair does, mind you. More in a sports car driver‚Äôs seat kind of way ‚Äî at least in the Stealth colorway, with its black faux leather, red stitching and cross-hatched accents that almost bring to mind carbon fiber trim. The gray-and-black fabric version looked more at home in my home, however; it‚Äôs a bit more subtle, and blends in better with most walls, I‚Äôd venture. [...] The substantial mass of the Titan Evo 2022 is wonderful when it comes to keeping the chair planted where you want it. No matter how aggressively you plop down or shimmy around in your chair, it‚Äôs staying put unless you want it to move ‚Äî so you don‚Äôt have to worry about losing that perfect viewing angle or readjusting your mouse too often.

What‚Äôs Not Ideal About the Secretlab Titan Evo

It‚Äôs large, solid and heavy"
31,https://www.imore.com/gaming/gaming-chairs/the-worlds-best-gaming-chair-now-comes-in-lite-secretlab-debuts-new-titan-evo-with-friendlier-price-tag,"Having extensively reviewed the original TITAN Evo 2022, I can comfortably say that there are no huge omissions here, and Secretlab is right"
32,https://www.evas.com.tr/antt.aspx?wbbl=brr858330444&cid=294&m=1&g=9,secretlab stoel ‚Ç¨75.99 Secretlab TITAN Evo Lite Gaming Chair Review ¬∑ secretlab stoel The best gaming chair collection | Secretlab US ¬∑ secretlab stoel Secretlab
33,https://www.gamesradar.com/secretlab-titan-evo-review-2022/,"The newly designed built-in lumbar support is much improved over the old Titan series, too. It's more flexible and doesn't feel like it's trying to kick you out of the chair, especially as you're no longer limited to simply adjusting how much it sticks out. A second dial now lets you move the actual position of the support up and down, which is a fantastic addition to find that sweet spot for users of various individual heights inside each chair's recommended size ranges. [...] While far from what we'd call a cheap gaming chair deal (prices start at $429/¬£359), the Secretlab Titan Evo 2022 line is great value for money if you're looking for a chair that will double up for both work and play use. However, it's a touch more expensive than the older Titan and Omega line, and those are still excellent chairs we can wholeheartedly recommend... while they're still available, at least (prices are beginning to come down to make way for the new line that will fully replace the [...] Secretlab Titan Evo review: the best just got an upgrade

When you purchase through links on our site, we may earn an affiliate commission. Here‚Äôs how it works.

GamesRadar+ Verdict

Cool, stylish, well-built, and now sporting an improved, built-in lumbar support system and a magnetic headrest that's bound to attract more converts to the not-so-secret success of a Secretlab gaming chair.

Pros

Class-leading designs and materials

Magnetic headrest

Improved adjustable lumbar support...

Cons"
34,https://gamerant.com/secretlab-announces-cheaper-titan-evo-lite-gaming-chair/,"With Secretlab's new TITAN Evo Lite, one gets exactly what they expect from a TITAN product, which is top quality and ergonomics. Built with the"
35,https://genxsolutions.co.uk/?g=459654512,Ergonomic Chair Showdown Hinomi vs. Secret Lab Honest ¬∑ Gaming Chair Features Secretlab TITAN Evo Lite Secretlab US ¬∑ Secretlab Titan Evo Lite BRUTALLY HONEST
36,https://www.cnet.com/tech/gaming/secretlab-titan-evo-2022-gaming-chair-review-it-just-keeps-getting-better/,The Titan Evo 2022 is a comfortable chair with a firm feel. The seat base is wide for larger users and those who like to cross their legs.
37,https://www.pcgamer.com/hardware/shhh-dont-tell-everyone-but-the-secretlab-titan-evo-lite-is-the-gaming-chair-i-would-actually-buy-this-weekend/,"Published Time: 2024-11-30T21:53:14+00:00
Shhh, don't tell everyone, but the Secretlab Titan Evo Lite is the gaming chair I would actually buy this weekend | PC Gamer
Skip to main content
Open menu Close menu
PC Gamer THE GLOBAL AUTHORITY ON PC GAMES
Search
Search PC Gamer 
Sign in

View Profile
Sign out

Subscribe

US Edition

 UK US Canada Australia [...] Secretlab Titan Evo Lite | Leatherette or softweave fabric | ~¬£459~ ¬£429 at Secretlab UK (save ¬£30)Our favorite gaming chair does not come cheap, with the prices having risen consistently since the Titan Evo originally launched. To combat that Secretlab has released the Titan Evo Lite, a chair coming in at the same original price as the Titan Evo. It's got the same essential design but lacks some of the luxury touches, such as adjustable lumbar support and the special magnetic neck pillow and [...] And that exchange rate is one of several reasons why I currently live in the US (another being the quality and availability of Mexican food).
üëâ We're curating the best Cyber Monday PC gaming deals right here üëà
Why Secretlab? The brand has dominated our best gaming chair list for many years now, thanks to build quality that puts most similarly-styled bucket chairs to shame. Many of us here on the PC Gamer team swear by Secretlab both for the playing of games and the writing about them."
38,https://www.zdnet.com/home-and-office/home-entertainment/secretlab-titan-evo-2022-series-gaming-chair-review/,"The Titan Evo looks more like a high-end car seat than a gaming chair. My unit is in the Stealth finish, covered with a sleek, black faux-"
39,https://www.t3.com/tech/gaming-accessories/secretlab-titan-evo-nanogen-edition-review,The Titan Evo NanoGen edition really does look as good as it feels to sit in. This is an extremely well-built chair with the comfiest leatherette finish.
40,https://secretlab.co/pages/titan-evo-lite,The Secretlab TITAN Evo Lite is built from the same performance DNA as our flagship TITAN Evo. Engineered to provide the core Secretlab experience trusted by
41,https://acecenterdrivingschool.com.ng/?a=459669812,"Secretlab Titan Evo 2022 Gaming Chair Review It Just Keeps. Size. 3 (36); 4 (37) ... Lite Gaming Chair Review shop, Secretlab Titan Review shop, Secretlab"
42,https://www.imore.com/secretlab-titan-evo-2022-review,"As a long-time user of the 2020 Omega chair, I was thrilled to find out that Secretlab had combined it with its Titan chair to create the 2022"
43,https://www.youtube.com/watch?v=YS2VP4qoIGs,"BEST Gaming Chair 2024 | Secretlab TITAN EVO 
 Full Transparency 
 409 likes 
 28649 views 
 26 Nov 2023 
 After reviewing a TON of gaming and office chairs I'm officially nominating the Secretlab Titan Evo as the BEST gaming chair of 2023 and 2024.
Support the channel and BUY IT HERE: https://bit.ly/2XpMb5q [...] My Slider: https://adorama.rfvk.net/LPAXrL [...] The BEST BUDGET Audio Interface: https://sweetwater.sjv.io/BXD5k4
Buy Your Mac or PC Here: https://bestbuy.7tiv.net/rQn05v
My Alienware AW3821DW Monitor: https://amzn.to/43Y8mwR
Furman PL8C Power Conditioner: https://sweetwater.sjv.io/xk9m11
My Stylish Side Shelf: https://amzn.to/3ZnZSvT
My TOP TIER Studio Monitors: https://sweetwater.sjv.io/Ea50An
My Favorite Budget Headphones: https://sweetwater.sjv.io/yRnZxy
The BEST GAMING CHAIR PERIOD: https://bit.ly/2XpMb5q"
44,https://www.naiis.ng/?n=202043522,"... Secretlab TITAN Evo Secretlab EU hotsell, Secretlab Titan EVO 2022 Series Review PCMag hotsell, Gaming Chair Features Secretlab TITAN Evo Lite Secretlab EU"
45,https://vapingunderground.com/threads/new-release-the-less-expensive-secretlab-titan-evo-lite-is-nearly-as-good-as-the-titan-evo.2681418/,"It's no secret that we love our Secretlab gaming chairs. We've consistently rated them as the best high-end gaming chair on the market, as well"
46,https://travelofiesta.com/?y=603900030148,Secretlab Titan sales Evo 2022 Review. Secretlab Titan Evo 2022 Review A Good Gaming Chair WIRED. The Secretlab Presidents Day Sale Starts Now The Lowest
47,https://sohoforest.com/?j=107194967600&filter=9f7a93&share_to_url=discover.php%3Fid%3D3666709%26name%3Dsecretlab+titan+review,"Secretlab retailer Titan EVO Lite Review PCMag db, titan secretlabs db, Secretlab ... Pc gaming outlet chair $19. Depression Era Machine $24. Vintage 70s 80s"
48,https://gaming-age.com/2024/09/secretlab-titan-evo-2022-series-gaming-chair-review/,"The chair back is solid and comfortable. The Secretlab TITAN Evo comes with a seat cushion, although it is surprisingly harder than I"
49,https://www.youtube.com/watch?v=36wQwS37Cvo,"Chapters 
00:00 Introduction
00:52 Backrest
02:17 Improvements
03:06 Armrest
04:59 Comfort
05:53 Bottom
06:33 Secretlab Recliner Add-on
07:06 Wheels
07:31 Quality Control
08:05 Themes and Colors
08:58 Tips
09:48 PlushCell Armrest
10:04 Conclusion

#NOTsponsored  #TITAINEVO #secretlabtitanevo2025 
 2 comments [...] Amazon FreeTime Unlimited FREE TRIALl: https://amzn.to/2W1fsBI
‚ûñ‚ûñ‚ûñ‚ûñ‚ûñ‚ûñ‚ûñ‚ûñ‚ûñ‚ûñ‚ûñ‚ûñ‚ûñ‚ûñ‚ûñ‚ûñ‚ûñ
My Secretlab Gaming chair - https://bit.ly/2SEFhSa
‚ûñ‚ûñ‚ûñ‚ûñ‚ûñ‚ûñ‚ûñ‚ûñ‚ûñ‚ûñ‚ûñ‚ûñ‚ûñ‚ûñ‚ûñ‚ûñ‚ûñ
Camera Equipment - https://amzn.to/2UnEatm 
‚ûñ‚ûñ‚ûñ‚ûñ‚ûñ‚ûñ‚ûñ‚ûñ‚ûñ‚ûñ‚ûñ‚ûñ‚ûñ‚ûñ‚ûñ‚ûñ‚ûñ
Disclaimer, Our links may be affiliated with Amazon and other stores to find out more click here. 
http://bit.ly/2DiiOVI [...] Secretlab TITAN Evo: Lite vs NanoGen vs Standard ‚Äì Which One's Best? 
 HotshotTek 
 96 likes 
 3816 views 
 28 Jan 2025 
 Choosing the right Secretlab TITAN Evo can be tricky, so in this video, I‚Äôm comparing the Lite, Nano Gen, and Standard models to break down their differences and help you decide which one suits you best. I‚Äôll also go over key add-ons, share my personal experience with these chairs, and give you a buyer‚Äôs guide so you can make the best choice for your setup!"
50,https://www.gamespot.com/articles/save-on-secretlabs-best-gaming-chair-and-pair-it-with-a-new-star-wars-inspired-skin/1100-6523125/,"The Titan Evo has been discounted by up to $100, while the Titan Evo Lite is on sale for $30 off. The Titan Evo remains our pick for the best"
51,https://abskuwait.com/?k=816611080980,"Secretlab TITAN stores Evo Lite, Secretlab TITAN Evo Lite Gaming Chair Review stores. ... reviews Secretlab EU stores, Secretlab clothes its Omega and Titan"
52,https://secretlab.co/collections,Ergonomic chairs. Engineered to support your every move. ¬∑ Secretlab TITAN Evo ¬∑ Secretlab TITAN Evo NanoGen Edition ¬∑ Secretlab TITAN Evo Lite ¬∑ Secretlab Classics
53,https://www.youtube.com/watch?v=Wp3p8ukAKjg,"Comments ¬∑ Secretlab Titan Evo Lite BRUTALLY HONEST Review ¬∑ ""Insurance Time Bomb!"" - California Wildfires Push Homeowners To The Brink Of Losing"
54,https://www.gamesradar.com/hardware/chairs/secretlab-titan-evo-nanogen-edition-review/,"I parked myself on Secretlab‚Äôs latest Titan Evo for around a month before this review was written. In that time, I‚Äôve used it for work and play almost every single day, sometimes for more than 8 hours a day. I‚Äôve closely compared it to the Boulies Ninja Pro in that time because of all the gaming chairs I‚Äôve tested, that‚Äôs the most plush and comfortable - which feels like a solid point of comparison for the NanoGen‚Äôs aims. I swapped between the two chairs plenty in my testing time, comparing how [...] NanoGen offerings are limited to these two colorways. I‚Äôd love to say this could change in the future, but the Titan Evo Lite launched earlier in 2024 and is still limited to the classic colorways originally available in 2022. [...] Design



So what exactly separates the Secretlab Titan Evo from its new NanoGen counterpart? Well, a bit like the Titan Evo Lite - it‚Äôs a half step toward a different chair, but it really is the same product we‚Äôve known since 2022. It's a variant that isn't strictly part of the Titan Evo's color and upholstery range, but it does give you the same chair, albeit with an updated level of comfort and a higher price."
55,https://www.tiktok.com/@secretlab/video/7325314696779762951,"With the most essential ergonomic functions of our flagship TITAN Evo, including our patent-pending cold-cure foam and proprietary pebble seat"
56,https://techbullion.com/secretlab-titan-evo-secretlab-titan-evo-lite-reviews/,"Despite being a more affordable option, the Secretlab TITAN Evo lite doesn't skimp on comfort. It includes essential ergonomic features such as"
57,https://www.techradar.com/gaming/gaming-accessories/the-new-titan-evo-lite-is-a-budget-gaming-chair-that-packs-a-ton-of-premium-features,"Obviously, the overall level of comfort that the Secretlab Titan Evo Lite will be able to provide is yet to be seen, but these seem like very"
58,https://secretlab.co/products/technogel-premium-armrest-top,"I have three Titan Evo chairs, XL and two L. I really like the overall quality, aesthetics and adjustments (especially lumbar area). Lumbar pillows are very"
59,https://hothardware.com/news/secretlab-unveils-cheaper-titan-evo-lite-gaming-chair,"Secretlab has introduced a cheaper version of its popular Titan Evo gaming chair that the company says retains ""95% of the same premium"
60,https://m.youtube.com/watch?v=g2S5RMz73UA,Comments113 ¬∑ Is The Secret Lab Titan Evo 2022 Overrated? ¬∑ Secretlab Magnus Desks... ¬∑ Secretlab Titan Evo LITE - The Best Selling Gaming Chair of
61,https://www.yahoo.com/tech/secretlab-titan-evo-gaming-chair-200954608.html,"It was the most comfortable chair I'd put at my desk by a factor of many, but it was plain. But then I added the Ahsoka Tano SKINS Secretlab"
62,https://www.youtube.com/watch?v=14AZZ6dKKtk&pp=ygUKI3RpdGFpbmV2bw%3D%3D,SecretLab Titan Evo (2023 Review) - Overhyped Overpriced Overrated (Gaming Chair) Today I'm reviewing the Secretlab Titan Evo 2022 2023
63,https://www.ubuy.com.zm/product/IJRT28B9K-secretlab-titan-evo-lite-in-black3-prime-softweave-gaming-chair-reclining-ergonomic-heavy-duty-computer-chair-with-4d-armrests-lumbar?srsltid=AfmBOoqFxHyzYspX9EC5xD-dqbP0Pgg0n_ch9eHuj7adHErhjjySdwNN,"Durable upholsteries - Choose between plush and supple PRIME 2.0 leatherette and soft, breathable SoftWeave fabric, both put through rigorous real-world testing"
64,https://www.tiktok.com/discover/secret-lab-chairs-review-2025,"Plus, NanoGen hybrid leatherette feels super soft as well and is incredible to touch. My favorite part about the Titan Evo chairs is the 4-Way L-ADAPT lumbar"
65,https://secretlab.co/products/skins,"Slips on and off with zero fuss. Designed for quick application and removal in just 3 minutes.

Protects your Secretlab TITAN Evo Series chair against wear and tear and accidental spills, so it always looks like new.

Resources and Specifications



Assembly Guide and User Manual
For Secretlab SKINS (Softweave‚Ñ¢) and SKINS Lite
View Guide

Full Assembly Video Guide
For Secretlab SKINS (Softweave‚Ñ¢)
View Video

Full Assembly Video Guide
For Secretlab SKINS Lite
View Video [...] Secretlab SKINS

Secretlab SKINS

Secretlab SKINS

Refresh your chair with the world‚Äôs first premium gaming chair sleeves ‚Äî designed for Secretlab TITAN Evo Series. Precision-mapped to the TITAN Evo Series via a proprietary fitting system for an indistinguishable form and fit, so you never compromise on ergonomic performance.

One chair. Many looks.

Choose from a growing range of signature and Special Edition designs, inspired by your favorite movie, game, or TV show. [...] Secretlab SKINS (SoftWeave‚Ñ¢) and Secretlab SKINS Lite utilize different materials. SKINS (SoftWeave‚Ñ¢) is adapted from TITAN Evo's SoftWeave‚Ñ¢ Plus Fabric upholstery and is made for a soft and richly textured feel. It also adds a secondary layer of cushioned support to your chair."
66,https://www.yahoo.com/tech/secretlabs-launching-slightly-cheaper-version-150037294.html,The Titan Lite is stripped of a couple features to shave a modicum of expense.
67,https://www.youtube.com/watch?v=4Y-kRL03AQ0,"Secretlab Titan Evo Lite: Buy or Nah? 
 Victor Tan 
 26 likes 
 2170 views 
 18 Feb 2024 
 What are you sacrificing when you get the Secretlab Titan Evo Lite over the Secretlab Titan Evo 2022? 

Should you save the $100? Will there be a life changing sacrifice that will destroy the world‚Ä¶ or maybe just your back? Watch this video to find out! 

Pick up your Secretlab chair today: https://bit.ly/36WCGw0

Disclaimer: Affiliate link, and helps me develop the channel üëå 
 8 comments"
68,https://www.youtube.com/watch?v=VCkUGEfUPLU,Secretlab TITAN Evo Gaming Chair Amazon affiliates links to the Secretlab TITAN Evo Gaming Chair ‚óºÔ∏èSee Price:
69,https://linustechtips.com/topic/1388198-secretlab-titan-evo-2022-review/,"As expected with any 'gaming chair', ergonomics are not great. Though they're even worse than what I initially expected. There also seems to be"
70,https://secretlab.co/pages/faq,... Secretlab TITAN Evo and Secretlab TITAN Evo Lite chair models. Secretlab ... Secretlab TITAN‚Ñ¢ Evo White Icon Shop at Secretlab. Gaming ChairsComputer DesksAdd-ons
71,https://www.amazon.com/Secretlab-Titan-BLACK3-SoftWeave-Gaming/dp/B0CR6FDFDX,"Patent-pending cold-cure foam - Our cold-cure foam mix is specially formulated to be medium firm, the perfect blend of comfort and support."
72,https://securiguard.ae/?w=1101071620543,SECRETLAB TITAN EVO GAMING OFFICE CHAIR Rev Comps. The Secretlab Presidents ... Customer Reviews. Be the first to write a review for Secretlab TITAN Evo League
73,https://secretlab.co/collections/titan-series,"Amazing, comfortable, worth investing in one if you work at a desk every day. Only one problem. I have had my chair for around 5 years and love. Has some wear"
74,https://www.tiktok.com/@secretlab/video/7488673966798703889,"Windows Central hails the Secretlab TITAN Evo NanoGen‚Ñ¢ Edition as ‚Äúan excellent chair in every category,‚Äù built on ‚Äútens of thousands of"
75,https://secretlab.co/collections/omega-series,Close-up of a light gray Secret Lab gaming chair with black accents. The ¬∑ Complete Your Setup. Secretlab TITAN Evo. View Product.
76,https://www.youtube.com/watch?v=QYCdGNUn_6Q,"I bought the Secretlab Titan Evo Gaming Chair 3 years ago. So, here's all the problems I've had with it, am still having with it,"
77,https://www.tiktok.com/@zachstechturf/video/7489091454900456734,Gaming Chair Temu Review ¬∑ Guy behind ... Secretlab Titan Evo Akatsuki 2024 edition unboxing pt3 #secretlab #gamingchair #akatsuki #naruto
78,https://m.youtube.com/watch?v=meDhajzejwM&pp=ygUMI2V2b3RpdGFub3Yy,Comments ¬∑ What Size Titan Evo 2022 Should You Buy? ¬∑ Secretlab Titan Evo 2022 Review - Is the gaming chair any good one year later? ¬∑ SPOILERS
79,https://www.tiktok.com/discover/secret-lab-titan-evo-bad-review,I have not sit in this chair yet. I'm about to plop in it for the first time. So one really cool item on this chair is this magnetic pillow. And
80,https://www.youtube.com/watch?v=FEGM3Lh2RKU&pp=ygUII2thaXNlcjM%3D,Support the channel and BUY IT HERE: Secretlab Titan Evo 2022: https://bit.ly/2XpMb5q Support the channel and use my links The MOST
81,https://secretlab.co/products/titan-xxs,"A sleek black gaming chair with gold accents labeled 'Secret Lab' at the top ¬∑ A pink and black ergonomic gaming chair with adjustable armrests, lumbar support,"
